{
    "name": "root",
    "metadata": {
        "timer_format_version": "0.1.0",
        "start_time_seconds": "1743742553",
        "python_version": "3.10.12 (main, Mar 29 2025, 18:04:40) [GCC 14.2.1 20250110 (Red Hat 14.2.1-7)]",
        "command_line_arguments": "/home/anirudh/UIUC/Illini-VEX-Robotics/vex-software/.venv/bin/mlagents-learn config/trainer_config.yaml --run-id=enemypaddle --force",
        "mlagents_version": "1.1.0",
        "mlagents_envs_version": "1.1.0",
        "communication_protocol_version": "1.5.0",
        "pytorch_version": "2.6.0+cu124",
        "numpy_version": "1.23.5",
        "end_time_seconds": "1743742770"
    },
    "total": 216.67339623499902,
    "count": 1,
    "self": 0.012080348999006674,
    "children": {
        "run_training.setup": {
            "total": 0.03041396399930818,
            "count": 1,
            "self": 0.03041396399930818
        },
        "TrainerController.start_learning": {
            "total": 216.6309019220007,
            "count": 1,
            "self": 0.2971458320171223,
            "children": {
                "TrainerController._reset_env": {
                    "total": 17.462033774008887,
                    "count": 115,
                    "self": 17.462033774008887
                },
                "TrainerController.advance": {
                    "total": 198.73961832097484,
                    "count": 7351,
                    "self": 0.2689420418901136,
                    "children": {
                        "env_step": {
                            "total": 193.15745975504979,
                            "count": 7351,
                            "self": 177.24558020417498,
                            "children": {
                                "SubprocessEnvManager._take_step": {
                                    "total": 15.746052738946673,
                                    "count": 7351,
                                    "self": 0.7790721049877902,
                                    "children": {
                                        "TorchPolicy.evaluate": {
                                            "total": 14.966980633958883,
                                            "count": 7351,
                                            "self": 14.966980633958883
                                        }
                                    }
                                },
                                "workers": {
                                    "total": 0.16582681192812743,
                                    "count": 7350,
                                    "self": 0.0,
                                    "children": {
                                        "worker_root": {
                                            "total": 155.92668377887458,
                                            "count": 7350,
                                            "is_parallel": true,
                                            "self": 52.816134833949036,
                                            "children": {
                                                "run_training.setup": {
                                                    "total": 0.0,
                                                    "count": 0,
                                                    "is_parallel": true,
                                                    "self": 0.0,
                                                    "children": {
                                                        "steps_from_proto": {
                                                            "total": 0.0024544709995097946,
                                                            "count": 1,
                                                            "is_parallel": true,
                                                            "self": 0.001191289000416873,
                                                            "children": {
                                                                "_process_rank_one_or_two_observation": {
                                                                    "total": 0.0012631819990929216,
                                                                    "count": 2,
                                                                    "is_parallel": true,
                                                                    "self": 0.0012631819990929216
                                                                }
                                                            }
                                                        },
                                                        "UnityEnvironment.step": {
                                                            "total": 0.11794912799996382,
                                                            "count": 1,
                                                            "is_parallel": true,
                                                            "self": 0.00018174400065618102,
                                                            "children": {
                                                                "UnityEnvironment._generate_step_input": {
                                                                    "total": 0.00019297399921924807,
                                                                    "count": 1,
                                                                    "is_parallel": true,
                                                                    "self": 0.00019297399921924807
                                                                },
                                                                "communicator.exchange": {
                                                                    "total": 0.11703457399926265,
                                                                    "count": 1,
                                                                    "is_parallel": true,
                                                                    "self": 0.11703457399926265
                                                                },
                                                                "steps_from_proto": {
                                                                    "total": 0.0005398360008257441,
                                                                    "count": 1,
                                                                    "is_parallel": true,
                                                                    "self": 0.0003712720008479664,
                                                                    "children": {
                                                                        "_process_rank_one_or_two_observation": {
                                                                            "total": 0.0001685639999777777,
                                                                            "count": 2,
                                                                            "is_parallel": true,
                                                                            "self": 0.0001685639999777777
                                                                        }
                                                                    }
                                                                }
                                                            }
                                                        }
                                                    }
                                                },
                                                "UnityEnvironment.step": {
                                                    "total": 103.0459117589271,
                                                    "count": 7349,
                                                    "is_parallel": true,