{
    "name": "root",
    "metadata": {
        "timer_format_version": "0.1.0",
        "start_time_seconds": "1743741896",
        "python_version": "3.10.12 (main, Mar 29 2025, 18:04:40) [GCC 14.2.1 20250110 (Red Hat 14.2.1-7)]",
        "command_line_arguments": "/home/anirudh/UIUC/Illini-VEX-Robotics/vex-software/.venv/bin/mlagents-learn config/trainer_config.yaml --run-id=enemypaddle --force",
        "mlagents_version": "1.1.0",
        "mlagents_envs_version": "1.1.0",
        "communication_protocol_version": "1.5.0",
        "pytorch_version": "2.6.0+cu124",
        "numpy_version": "1.23.5",
        "end_time_seconds": "1743741994"
    },
    "total": 97.71382228000039,
    "count": 1,
    "self": 0.01242193899997801,
    "children": {
        "run_training.setup": {
            "total": 0.018672379999770783,
            "count": 1,
            "self": 0.018672379999770783
        },
        "TrainerController.start_learning": {
            "total": 97.68272796100064,
            "count": 1,
            "self": 0.054562153985898476,
            "children": {
                "TrainerController._reset_env": {
                    "total": 11.746409171995765,
                    "count": 33,
                    "self": 11.746409171995765
                },
                "TrainerController.advance": {
                    "total": 85.75369086401952,
                    "count": 2087,
                    "self": 0.04893309497128939,
                    "children": {
                        "env_step": {
                            "total": 85.02353660803419,
                            "count": 2087,
                            "self": 82.0990865760632,
                            "children": {
                                "SubprocessEnvManager._take_step": {
                                    "total": 2.8928081289832335,
                                    "count": 2087,
                                    "self": 0.13634651096253947,
                                    "children": {
                                        "TorchPolicy.evaluate": {
                                            "total": 2.756461618020694,
                                            "count": 2087,
                                            "self": 2.756461618020694
                                        }
                                    }
                                },
                                "workers": {
                                    "total": 0.03164190298775793,
                                    "count": 2086,
                                    "self": 0.0,
                                    "children": {
                                        "worker_root": {
                                            "total": 37.372818363008264,
                                            "count": 2086,
                                            "is_parallel": true,
                                            "self": 18.005515851029486,
                                            "children": {
                                                "run_training.setup": {
                                                    "total": 0.0,
                                                    "count": 0,
                                                    "is_parallel": true,
                                                    "self": 0.0,
                                                    "children": {
                                                        "steps_from_proto": {
                                                            "total": 0.00122528300016711,
                                                            "count": 1,
                                                            "is_parallel": true,
                                                            "self": 0.0004621959997166414,
                                                            "children": {
                                                                "_process_rank_one_or_two_observation": {
                                                                    "total": 0.0007630870004504686,
                                                                    "count": 2,
                                                                    "is_parallel": true,
                                                                    "self": 0.0007630870004504686
                                                                }
                                                            }
                                                        },
                                                        "UnityEnvironment.step": {
                                                            "total": 0.06908825299979071,
                                                            "count": 1,
                                                            "is_parallel": true,
                                                            "self": 0.00013401300202531274,
                                                            "children": {
                                                                "UnityEnvironment._generate_step_input": {
                                                                    "total": 0.00019413799964240752,
                                                                    "count": 1,
                                                                    "is_parallel": true,
                                                                    "self": 0.00019413799964240752
                                                                },
                                                                "communicator.exchange": {
                                                                    "total": 0.0684251039983792,
                                                                    "count": 1,
                                                                    "is_parallel": true,
                                                                    "self": 0.0684251039983792
                                                                },
                                                                "steps_from_proto": {
                                                                    "total": 0.0003349979997437913,
                                                                    "count": 1,
                                                                    "is_parallel": true,
                                                                    "self": 0.0002029369989031693,
                                                                    "children": {
                                                                        "_process_rank_one_or_two_observation": {
                                                                            "total": 0.000132061000840622,
                                                                            "count": 2,
                                                                            "is_parallel": true,
                                                                            "self": 0.000132061000840622
                                                                        }
                                                                    }
                                                                }
                                                            }
                                                        }
                                                    }
                                                },
                                                "UnityEnvironment.step": {
                                                    "total": 19.354342215981887,
                                                    "count": 2085,
                                                    "is_parallel": true,