{
    "name": "root",
    "metadata": {
        "timer_format_version": "0.1.0",
        "start_time_seconds": "1743798361",
        "python_version": "3.10.12 (main, Mar 29 2025, 18:04:40) [GCC 14.2.1 20250110 (Red Hat 14.2.1-7)]",
        "command_line_arguments": "/home/anirudh/UIUC/Illini-VEX-Robotics/vex-software/.venv/bin/mlagents-learn config/trainer_config.yaml --run-id=1 --force",
        "mlagents_version": "1.1.0",
        "mlagents_envs_version": "1.1.0",
        "communication_protocol_version": "1.5.0",
        "pytorch_version": "2.6.0+cu124",
        "numpy_version": "1.23.5",
        "end_time_seconds": "1743798442"
    },
    "total": 81.38932172499881,
    "count": 1,
    "self": 0.012016361999485525,
    "children": {
        "run_training.setup": {
            "total": 0.021491228999366285,
            "count": 1,
            "self": 0.021491228999366285
        },
        "TrainerController.start_learning": {
            "total": 81.35581413399996,
            "count": 1,
            "self": 0.03711090797514771,
            "children": {
                "TrainerController._reset_env": {
                    "total": 8.720117937000396,
                    "count": 24,
                    "self": 8.720117937000396
                },
                "TrainerController.advance": {
                    "total": 72.453588856024,
                    "count": 1511,
                    "self": 0.03353374410653487,
                    "children": {
                        "env_step": {
                            "total": 71.30681152896796,
                            "count": 1511,
                            "self": 69.33831169098448,
                            "children": {
                                "SubprocessEnvManager._take_step": {
                                    "total": 1.9472848159912246,
                                    "count": 1511,
                                    "self": 0.09540888601077313,
                                    "children": {
                                        "TorchPolicy.evaluate": {
                                            "total": 1.8518759299804515,
                                            "count": 1511,
                                            "self": 1.8518759299804515
                                        }
                                    }
                                },
                                "workers": {
                                    "total": 0.021215021992247785,
                                    "count": 1510,
                                    "self": 0.0,
                                    "children": {
                                        "worker_root": {
                                            "total": 21.0398970230126,
                                            "count": 1510,
                                            "is_parallel": true,
                                            "self": 13.661162665002848,
                                            "children": {
                                                "run_training.setup": {
                                                    "total": 0.0,
                                                    "count": 0,
                                                    "is_parallel": true,
                                                    "self": 0.0,
                                                    "children": {
                                                        "steps_from_proto": {
                                                            "total": 0.0009294949995819479,
                                                            "count": 1,
                                                            "is_parallel": true,
                                                            "self": 0.00046055199891270604,
                                                            "children": {
                                                                "_process_rank_one_or_two_observation": {
                                                                    "total": 0.0004689430006692419,
                                                                    "count": 2,
                                                                    "is_parallel": true,
                                                                    "self": 0.0004689430006692419
                                                                }
                                                            }
                                                        },
                                                        "UnityEnvironment.step": {
                                                            "total": 0.039505217999249,
                                                            "count": 1,
                                                            "is_parallel": true,
                                                            "self": 0.0001333149994025007,
                                                            "children": {
                                                                "UnityEnvironment._generate_step_input": {
                                                                    "total": 0.00020343500000308268,
                                                                    "count": 1,
                                                                    "is_parallel": true,
                                                                    "self": 0.00020343500000308268
                                                                },
                                                                "communicator.exchange": {
                                                                    "total": 0.03868206500010274,
                                                                    "count": 1,
                                                                    "is_parallel": true,
                                                                    "self": 0.03868206500010274
                                                                },
                                                                "steps_from_proto": {
                                                                    "total": 0.000486402999740676,
                                                                    "count": 1,
                                                                    "is_parallel": true,
                                                                    "self": 0.00036773700048797764,
                                                                    "children": {
                                                                        "_process_rank_one_or_two_observation": {
                                                                            "total": 0.00011866599925269838,
                                                                            "count": 2,
                                                                            "is_parallel": true,
                                                                            "self": 0.00011866599925269838
                                                                        }
                                                                    }
                                                                }
                                                            }
                                                        }
                                                    }
                                                },
                                                "UnityEnvironment.step": {
                                                    "total": 7.369180315010453,
                                                    "count": 1509,
                                                    "is_parallel": true,