{
    "name": "root",
    "metadata": {
        "timer_format_version": "0.1.0",
        "start_time_seconds": "1743860511",
        "python_version": "3.10.12 (main, Mar 29 2025, 18:04:40) [GCC 14.2.1 20250110 (Red Hat 14.2.1-7)]",
        "command_line_arguments": "/home/anirudh/UIUC/Illini-VEX-Robotics/vex-software/.venv/bin/mlagents-learn config/trainer_config.yaml --env=../Build/pong-executable.x86_64 --run-id=pong_train_1 --force",
        "mlagents_version": "1.1.0",
        "mlagents_envs_version": "1.1.0",
        "communication_protocol_version": "1.5.0",
        "pytorch_version": "2.6.0+cu124",
        "numpy_version": "1.23.5",
        "end_time_seconds": "1743860579"
    },
    "total": 67.49873879400002,
    "count": 1,
    "self": 0.005586005001532612,
    "children": {
        "run_training.setup": {
            "total": 0.01886229999945499,
            "count": 1,
            "self": 0.01886229999945499
        },
        "TrainerController.start_learning": {
            "total": 67.47429048899903,
            "count": 1,
            "self": 0.2904080379867082,
            "children": {
                "TrainerController._reset_env": {
                    "total": 5.262275379014682,
                    "count": 202,
                    "self": 5.262275379014682
                },
                "TrainerController.advance": {
                    "total": 61.851959517996875,
                    "count": 12916,
                    "self": 0.25865792819604394,
                    "children": {
                        "env_step": {
                            "total": 56.11175222089514,
                            "count": 12916,
                            "self": 41.5706898847875,
                            "children": {
                                "SubprocessEnvManager._take_step": {
                                    "total": 14.378671618007502,
                                    "count": 12916,
                                    "self": 0.6822505829768488,
                                    "children": {
                                        "TorchPolicy.evaluate": {
                                            "total": 13.696421035030653,
                                            "count": 12916,
                                            "self": 13.696421035030653
                                        }
                                    }
                                },
                                "workers": {
                                    "total": 0.16239071810014138,
                                    "count": 12915,
                                    "self": 0.0,
                                    "children": {
                                        "worker_root": {
                                            "total": 62.82494217501517,
                                            "count": 12915,
                                            "is_parallel": true,
                                            "self": 37.823614644859845,
                                            "children": {
                                                "run_training.setup": {
                                                    "total": 0.0,
                                                    "count": 0,
                                                    "is_parallel": true,
                                                    "self": 0.0,
                                                    "children": {
                                                        "steps_from_proto": {
                                                            "total": 0.0006665510009042919,
                                                            "count": 1,
                                                            "is_parallel": true,
                                                            "self": 0.0003012140005012043,
                                                            "children": {
                                                                "_process_rank_one_or_two_observation": {
                                                                    "total": 0.0003653370004030876,
                                                                    "count": 2,
                                                                    "is_parallel": true,
                                                                    "self": 0.0003653370004030876
                                                                }
                                                            }
                                                        },
                                                        "UnityEnvironment.step": {
                                                            "total": 0.017602208999960567,
                                                            "count": 1,
                                                            "is_parallel": true,
                                                            "self": 0.000123689002066385,
                                                            "children": {
                                                                "UnityEnvironment._generate_step_input": {
                                                                    "total": 0.0002273699992656475,
                                                                    "count": 1,
                                                                    "is_parallel": true,
                                                                    "self": 0.0002273699992656475
                                                                },
                                                                "communicator.exchange": {
                                                                    "total": 0.016854000999956043,
                                                                    "count": 1,
                                                                    "is_parallel": true,
                                                                    "self": 0.016854000999956043
                                                                },
                                                                "steps_from_proto": {
                                                                    "total": 0.00039714899867249187,
                                                                    "count": 1,
                                                                    "is_parallel": true,
                                                                    "self": 0.0001896539997687796,
                                                                    "children": {
                                                                        "_process_rank_one_or_two_observation": {
                                                                            "total": 0.00020749499890371226,
                                                                            "count": 2,
                                                                            "is_parallel": true,
                                                                            "self": 0.00020749499890371226
                                                                        }
                                                                    }
                                                                }
                                                            }
                                                        }
                                                    }
                                                },
                                                "UnityEnvironment.step": {
                                                    "total": 24.939348453153798,
                                                    "count": 12914,
                                                    "is_parallel": true,